external_id,company,position,location,date_added,deadline,is_rolling
24764,Wells Fargo,2027 CIB Markets Analyst Program - Early Careers,US,2026-06-26,2026-08-07,false
24763,Wells Fargo,2027 CIB Investment Banking Analyst Program - Early Careers (NY/DC/NC/TX/IL),"NY/DC/NC/TX/IL",2026-06-26,2026-08-06,false
24762,Wells Fargo,2027 CIB Commercial Real Estate Analyst Program - Early Careers (NY/NC/TX/IL),"NY/NC/TX/IL",2026-06-26,2026-08-07,false
24761,Wells Fargo,2027 CIB Investment Banking Analyst Program - Early Careers (CA),CA,2026-06-26,2026-08-06,false
24710,Wells Fargo,2027 CIB Commercial Real Estate Analyst Program - Early Careers (California),California,2026-06-26,2026-08-07,false
24653,Capital One,Business Analyst Associate - February 2027,US,2026-06-23,,true
24643,Starwood,Rotational Analyst (2027),US,2026-06-20,,true
24562,Davidson Kempner,2027 Rotational Analyst Program - Investment Analyst,US,2026-06-18,,true
24560,Jane Street,FTTP (Hong Kong) (September 30 - October 3 2026),Hong Kong,2026-06-17,2026-08-22,false
24558,Baird,Equity Research Analyst (Summer 2027 Start),US,2026-06-17,,true
24493,Morgan Stanley,2027 Operations Full-time Analyst Program (Utah),Utah,2026-06-17,,true
24424,GIC,GIC Professionals Programme 2027,Singapore,2026-06-11,,true
24423,GLC Advisors,Class of 2027 Full Time Analyst (Denver),Denver,2026-06-06,,true
24400,GLC Advisors,Class of 2027 Full Time Analyst (LA),Los Angeles,2026-06-06,,true
24399,GLC Advisors,Class of 2027 Full Time Analyst (Los Angeles CA),"Los Angeles, CA",2026-06-03,,true
24398,GLC Advisors,Class of 2027 Full Time Analyst (New York NY),"New York, NY",2026-06-03,,true
24293,GLC Advisors,Class of 2027 Full Time Analyst (Denver CO),"Denver, CO",2026-06-03,,true
24269,Balyasny,Catalyst Equities Grad Program (2027 Graduates),US,2026-05-30,,true
24266,GIC,GIC Scholarship Programme [Reopening],Singapore,2026-05-27,,true
24234,BNP Paribas,2027 - Full Time Analyst - Corporate Functions Strategy and Transformation (Internal Consulting),US,2026-05-27,,true
24182,UBS,2027 Cadetship Program - Sydney,Sydney,2026-05-26,,true
24175,Affinius Capital,June 2027 Rotational Analyst Program (San Antonio TX),"San Antonio, TX",2026-05-23,,true
24174,Bain Capital,2027 Bain Capital Real Estate Analyst,US,2026-05-22,,true
24173,Bain Capital,2027 Analyst Tech Opps,US,2026-05-22,,true
24147,Bain Capital,2027 North America Private Equity Analyst-Associate Program,North America,2026-05-22,,true
24135,Citadel,Equities - Citadel Associate Program - Full Time Program 2027 (US),US,2026-05-20,,true
24021,Turn/River Capital,Investment Analyst (2027),US,2026-05-20,,true
23997,Millennium,Equities Analyst Program New York,New York,2026-05-12,,true
23901,Point72,Point72 Academy Investment Analyst Program for Upcoming Graduates (2027 - US),US,2026-05-09,,true
23900,Partners Group,2027 Financial Analyst (FA Program),US,2026-05-02,2026-05-31,false
23797,Abrams Bison Investments,2027 Full-Time Hedge Fund Analyst with 2026 Summer Internship,US,2026-04-30,2026-06-03,false
23788,Qatalyst,2027 Full Time Investment Banking Analyst (graduating class of 2027),US,2026-04-21,2026-05-20,false
23787,Trillium,Summer 2027 Equity Trader Internship - Miami,Miami,2026-04-19,,true
23786,Trillium,Summer 2027 Equity Trader Internship - Chicago,Chicago,2026-04-19,,true
23443,Trillium,Summer 2027 Equity Trader Internship - NYC,NYC,2026-04-19,,true
23252,Agentis Capital,Investment Banking Analyst - Infrastructure M&A Advisory - 2027 (Canada),Canada,2026-03-26,,true
22996,Jane Street,WiSE (Hong Kong),Hong Kong,2026-03-14,,true
22928,Apollo,2027 Analyst FIG NY,New York,2026-02-28,,true
21782,Abrams Bison Investments,2027 Full-time Position,US,2026-02-23,,true
21781,Insight Partners,2027 Onsite Diligence & Growth Strategy Analyst,US,2026-01-08,,true
21089,Warburg Pincus,2027 US Analyst Program (full-time),US,2026-01-08,,true
21088,Aeris Partners,Tech M&A Investment Banking Full-Time Analyst San Francisco,San Francisco,2025-12-21,,true
20353,Aeris Partners,Tech M&A Investment Banking Full-Time Analyst Boston,Boston,2025-12-21,,true
20029,BDO Global,Analyst Investment Banking BDO Capital Advisors - June 2027 (Richmond),Richmond,2025-11-21,,true
20028,Insight Partners,2027 Full Time Investment Analyst,US,2025-11-06,,true
19870,Nomura,2026 Investment Banking Full-Time Analyst Program - New York,New York,2025-11-03,,true
19869,Warburg Pincus,2027 US Analyst Program (full-time),US,2025-10-27,,true
